,gender,email,phone,cell,nat,name_title,name_first,name_last,location_street_number,location_street_name,location_city,location_state,location_country,location_postcode,location_coordinates_latitude,location_coordinates_longitude,location_timezone_offset,location_timezone_description,login_uuid,login_username,login_password,login_salt,login_md5,login_sha1,login_sha256,dob_date,dob_age,registered_date,registered_age,id_name,id_value,picture_large,picture_medium,picture_thumbnail
43,female,rachel.lawrence@example.com,(242) 486-5657,(387) 228-5647,US,Ms,Rachel,Lawrence,4664,Nowlin Rd,Fullerton,North Carolina,United States,38434,-14.7029,-68.3355,+5:00,"Ekaterinburg, Islamabad, Karachi, Tashkent",669623a0-fb28-466d-9c8a-f490ee92cd1a,smallzebra353,boiler,TS6rBRlg,2a1b9d693da9cddc6b64c1a0a9d219b9,2082153541952475d95a5aeffeb29ca05505c0ae,0fc8b4800e27c56e77b68a1d7ee7276551bac4e027e58ee54bea1f8819967cf8,1988-01-25T02:10:37.492Z,34,2017-12-22T03:37:15.414Z,4,SSN,745-05-8668,https://randomuser.me/api/portraits/women/75.jpg,https://randomuser.me/api/portraits/med/women/75.jpg,https://randomuser.me/api/portraits/thumb/women/75.jpg
92,female,megan.wells@example.com,(205) 460-6797,(985) 614-6553,US,Ms,Megan,Wells,9869,Valwood Pkwy,Pembroke Pines,North Carolina,United States,95722,79.3485,-23.6552,+11:00,"Magadan, Solomon Islands, New Caledonia",e71e269b-c2cb-4783-8bcc-4d16f3f5c6d8,angrysnake544,21212121,pQ64vEgQ,8b30b4ba95d0865643737dd8b303151d,34e845a0899e163d6b406045dc4203554aef11ad,cb460a42082c2f4ddd20f94a7aed06f2fe385e322cb3b0e3a0ab2219d63a0f36,1955-12-12T20:01:29.333Z,66,2014-08-22T09:58:21.613Z,8,SSN,386-33-2890,https://randomuser.me/api/portraits/women/78.jpg,https://randomuser.me/api/portraits/med/women/78.jpg,https://randomuser.me/api/portraits/thumb/women/78.jpg
123,female,erin.mills@example.com,(433) 248-6535,(895) 298-0608,US,Mrs,Erin,Mills,3898,Sunset St,Dayton,North Carolina,United States,42555,32.4346,-57.8339,+6:00,"Almaty, Dhaka, Colombo",28001b13-8331-4c9a-a404-70bf61bbe1bc,blackkoala590,niao,I3uHE1KI,9ed58e16e12f572e9cf87523dbe119f4,72535bb835e72ce351b7d661f9220d733a518178,f644238a3d42128102e4662d5f91d2217d965992dbd62cd902ca29a72101ea25,1967-11-27T16:42:15.212Z,54,2008-01-10T11:48:44.497Z,14,SSN,005-56-1414,https://randomuser.me/api/portraits/women/25.jpg,https://randomuser.me/api/portraits/med/women/25.jpg,https://randomuser.me/api/portraits/thumb/women/25.jpg
358,female,chloe.walker@example.com,(689) 619-9948,(365) 438-5878,US,Ms,Chloe,Walker,730,Poplar Dr,Hollywood,North Carolina,United States,49555,-12.7461,-49.7090,+4:30,Kabul,926be16a-e1d2-42e6-9544-3d71099f1a53,happygoose624,1111111,qzDvMGFR,67cc0e3ea1530a2d34167d6ca1ee8c38,8fdc0be2cbfb13ca074d596f2aebd0658214f39f,7ebf577f9d002fc0afa4e9efb3f33e4f9f2c3b355a9a135e79e5d445f5f3bfb9,1983-12-25T11:16:40.715Z,38,2014-01-14T17:22:51.986Z,8,SSN,742-63-5362,https://randomuser.me/api/portraits/women/2.jpg,https://randomuser.me/api/portraits/med/women/2.jpg,https://randomuser.me/api/portraits/thumb/women/2.jpg
383,female,mary.morgan@example.com,(972) 960-1674,(676) 600-3719,US,Mrs,Mary,Morgan,2182,Spring St,Mobile,North Carolina,United States,85304,87.9487,86.5289,+10:00,"Eastern Australia, Guam, Vladivostok",fc7a97af-9555-4f37-8cb0-cc03245ab2e5,purplerabbit824,jeffrey,AhwQRIy1,5e7e2eb70f7928df6c67430679d9bf64,76aa41268c31f801bfd3bb19eccebc74bdb58c6c,718f04985caf1a7da75160902e5efafa9ccecc904c7fe7e65164785ac5213394,1974-12-28T06:09:16.028Z,47,2013-03-23T05:19:07.112Z,9,SSN,639-30-2094,https://randomuser.me/api/portraits/women/83.jpg,https://randomuser.me/api/portraits/med/women/83.jpg,https://randomuser.me/api/portraits/thumb/women/83.jpg
484,female,nicole.rogers@example.com,(702) 822-2980,(727) 406-6745,US,Miss,Nicole,Rogers,8253,Adams St,Norman,North Carolina,United States,36166,44.7662,-121.6278,-4:00,"Atlantic Time (Canada), Caracas, La Paz",f66710d9-dd96-4579-a75a-93699d7f62e3,happykoala659,cheyenne,QTfZoZWL,54b07018ec9269bdb6c0ebfe8202152d,e7e52fd5f588a221e1dcf631a8ccf7afc42b34e4,a3661350210a0f4f26a1dd6a170ca1d6afb7781120ed4a78098b631b9b88f8b4,2000-12-24T06:09:36.096Z,21,2010-07-16T21:06:05.736Z,12,SSN,048-42-3989,https://randomuser.me/api/portraits/women/88.jpg,https://randomuser.me/api/portraits/med/women/88.jpg,https://randomuser.me/api/portraits/thumb/women/88.jpg
561,female,celina.rice@example.com,(773) 562-4365,(885) 442-9965,US,Mrs,Celina,Rice,2251,Elgin St,Surrey,North Carolina,United States,86489,-16.3540,-49.0867,+8:00,"Beijing, Perth, Singapore, Hong Kong",8d1f3c15-59c5-462f-8be1-bcfaea012ff6,sadbear732,beater,BwKemwDw,46345bf57e4a208460337280cc4fa9aa,0072b8e1c2aa533a18a50824ac4b0def84e660cb,4d3a5bd3474985f1dcba5dab400f9ae38231979f5f5e8ebda48fdfc1292adf79,1944-10-10T19:04:25.530Z,77,2012-04-15T11:37:49.703Z,10,SSN,685-72-8849,https://randomuser.me/api/portraits/women/76.jpg,https://randomuser.me/api/portraits/med/women/76.jpg,https://randomuser.me/api/portraits/thumb/women/76.jpg
626,female,minnie.taylor@example.com,(505) 751-3536,(920) 737-6194,US,Mrs,Minnie,Taylor,198,Prospect Rd,Norfolk,North Carolina,United States,37282,24.5177,-161.6133,+6:00,"Almaty, Dhaka, Colombo",47232d90-0155-4df8-b1cf-eb4b4b4fc64c,beautifulfish679,nintendo,2WAJe9vt,459f570884d8e141173583202002a6f4,34abd7b523abfb447902c72fb80b4ec9f4961b51,e1f1edcf377967f75551cbaa92c91b32f9076c074de81218ae3fcdfd9af9d9d4,1946-05-08T23:41:28.681Z,76,2018-01-07T23:36:26.961Z,4,SSN,829-87-2544,https://randomuser.me/api/portraits/women/20.jpg,https://randomuser.me/api/portraits/med/women/20.jpg,https://randomuser.me/api/portraits/thumb/women/20.jpg
653,female,isobel.brewer@example.com,(889) 258-6442,(824) 689-4664,US,Miss,Isobel,Brewer,2195,Mcclellan Rd,Gilbert,North Carolina,United States,80395,65.5950,27.8041,-8:00,Pacific Time (US & Canada),8020dee0-02b0-4e59-b74a-7f0908e34629,orangefrog314,pants,Q4g6q8eV,879d830ca9c9ff5866bb5dc20c7c0c31,90de9b57b5b082cdfe55b8ab9e3719f04104e0bf,bef04f0e7b359818e3b8a33865bd4a61a9e35292528ce213a9a0804010ebc6fa,1973-03-27T08:54:02.947Z,49,2011-05-29T03:15:22.756Z,11,SSN,489-48-4815,https://randomuser.me/api/portraits/women/27.jpg,https://randomuser.me/api/portraits/med/women/27.jpg,https://randomuser.me/api/portraits/thumb/women/27.jpg
663,female,brandie.lynch@example.com,(665) 919-2349,(684) 593-9720,US,Miss,Brandie,Lynch,192,Thornridge Cir,Lakeland,North Carolina,United States,18258,-27.1075,27.9026,+7:00,"Bangkok, Hanoi, Jakarta",10742201-8d2e-494d-82d8-460b558a444f,goldendog276,olemiss,KxMJnFDf,ae0222b9b5d98e7b032e70b44bc96759,4b2e31bbc4ac2c5a4b919dcec1beef1b1e24c838,3d52e61e1241a5adee46263e833ef9989b6d227e4d02e3064859bc47f4899703,1998-04-16T23:45:54.013Z,24,2014-03-15T14:27:25.141Z,8,SSN,221-05-8546,https://randomuser.me/api/portraits/women/94.jpg,https://randomuser.me/api/portraits/med/women/94.jpg,https://randomuser.me/api/portraits/thumb/women/94.jpg
665,female,hazel.watson@example.com,(695) 632-2529,(523) 768-5809,US,Mrs,Hazel,Watson,1005,Dane St,Murrieta,North Carolina,United States,40244,-14.8088,-152.3798,+5:45,Kathmandu,bfbd1797-0581-4f46-880f-1652c1035558,goldenpeacock865,azzer,LA3oQZG1,798eb730d807eb9bccc1c001c04f5ad9,2a1623223bfc7aed4ba624373f77a9cb805b26c3,a2e4ad11fa6ee7e1e2554dabae9025bd9da346a25d2d660d0227e8100db3b239,1986-12-01T07:45:31.273Z,35,2008-03-17T13:57:32.369Z,14,SSN,049-20-1348,https://randomuser.me/api/portraits/women/86.jpg,https://randomuser.me/api/portraits/med/women/86.jpg,https://randomuser.me/api/portraits/thumb/women/86.jpg
784,female,lucy.stephens@example.com,(827) 406-0917,(262) 309-5886,US,Miss,Lucy,Stephens,6434,Wheeler Ridge Dr,Chicago,North Carolina,United States,68238,29.9247,-85.9646,-1:00,"Azores, Cape Verde Islands",8a30da54-8d02-47f4-939f-b1532a22f6df,lazygorilla708,hun999,QjPWAXWN,8b68fbd991291d1a571ad55831b64b2d,9c36a50bd6105c27be540526994a2dd631b048ba,24abd26f7f2a199739e1bddd8195e4d6a77fa863b21eead45f134a4fab99240d,1980-07-29T18:23:54.264Z,42,2010-11-09T23:32:04.843Z,11,SSN,105-90-3572,https://randomuser.me/api/portraits/women/60.jpg,https://randomuser.me/api/portraits/med/women/60.jpg,https://randomuser.me/api/portraits/thumb/women/60.jpg
821,female,ann.torres@example.com,(333) 376-6169,(473) 618-6710,US,Ms,Ann,Torres,2055,Spring Hill Rd,Beaumont,North Carolina,United States,29653,-61.4876,-146.7525,+10:00,"Eastern Australia, Guam, Vladivostok",467730b4-42ef-458b-9311-201656830309,bluekoala515,doobie,iEV035jm,8a49a3d77f75cbeb3bc51f3dcd03b4f0,c88a5a4f3cb0e363e3a4c257903ed5c23cacf546,294430f6a30788a1568371539e8d352f39ae2dc0f5bf7a2b355ec17d846de77d,1965-03-06T11:33:39.368Z,57,2020-07-01T05:00:41.088Z,2,SSN,088-42-0658,https://randomuser.me/api/portraits/women/33.jpg,https://randomuser.me/api/portraits/med/women/33.jpg,https://randomuser.me/api/portraits/thumb/women/33.jpg
882,female,marie.hawkins@example.com,(570) 755-7313,(736) 484-6886,US,Ms,Marie,Hawkins,3604,Wycliff Ave,Wichita,North Carolina,United States,89835,-51.3192,143.6571,-10:00,Hawaii,7e6869be-6eb6-4ba2-bd6f-8ede0b7aa418,whitemouse243,br549,RrvgjXcM,bf62b56b9e6e6fad0c5bce3a2c2106d0,513947b968a9a1a4f789e854ed82cc98ceff71f0,1cc1fc9a99db3a7e8f8f13d4c48d28fb3422a1b6bdc90a17a096d22ca92c36dc,1973-02-20T10:35:28.112Z,49,2006-12-08T03:21:29.015Z,15,SSN,041-34-8495,https://randomuser.me/api/portraits/women/22.jpg,https://randomuser.me/api/portraits/med/women/22.jpg,https://randomuser.me/api/portraits/thumb/women/22.jpg
925,female,louise.wells@example.com,(565) 541-9566,(837) 894-8699,US,Ms,Louise,Wells,623,Plum St,Allen,North Carolina,United States,40044,60.9678,-172.6035,+8:00,"Beijing, Perth, Singapore, Hong Kong",72e0765b-58a4-4750-b234-54f3d8e785f2,ticklishzebra923,photoes,OPIxV7WW,fa1717e6958bb4443708902b100fe742,dd9837eb57095d5cf69214875fe64f9e2fb49628,19fb085a923c6e1705529bffaefe6f465379461a38b50ec27a9723df0c9d6299,1955-03-30T05:18:04.194Z,67,2014-12-11T14:28:21.503Z,7,SSN,240-48-4114,https://randomuser.me/api/portraits/women/1.jpg,https://randomuser.me/api/portraits/med/women/1.jpg,https://randomuser.me/api/portraits/thumb/women/1.jpg
930,female,alicia.nelson@example.com,(382) 456-6162,(650) 217-1573,US,Miss,Alicia,Nelson,5152,James St,Stockton,North Carolina,United States,95643,7.0949,-29.1676,-4:00,"Atlantic Time (Canada), Caracas, La Paz",ba6d0931-70ff-4966-bcd6-4be348ea921f,whiteswan377,stinks,nIfZxEHd,05c312ff74b4493fb59294ff6571ff91,91cb7560548458504984ca95df1797acab103dda,9d0578dc02a826b27d575eb833468a62b04885f7c58221a8ecb2086eb503d653,1949-03-15T07:04:07.169Z,73,2021-01-22T04:22:00.594Z,1,SSN,808-40-8806,https://randomuser.me/api/portraits/women/5.jpg,https://randomuser.me/api/portraits/med/women/5.jpg,https://randomuser.me/api/portraits/thumb/women/5.jpg
957,female,vivan.oliver@example.com,(398) 445-7078,(209) 397-2263,US,Ms,Vivan,Oliver,2618,Hunters Creek Dr,Seymour,North Carolina,United States,68774,-75.7138,-155.6777,+11:00,"Magadan, Solomon Islands, New Caledonia",a3e233c4-b1ec-4544-ba2d-8a2328133746,happypanda531,5252,DxD8siJd,910f2de119fe5c889d6e545d2553250c,31f556d281452a81ce7cc1d7ad143cd73edafc56,b9bc73b404b6d02ae7c02e8f898367f6f8626511518f1602ca7942db8ddf2271,1985-03-29T17:31:12.597Z,37,2020-09-13T10:54:46.892Z,1,SSN,890-33-3128,https://randomuser.me/api/portraits/women/22.jpg,https://randomuser.me/api/portraits/med/women/22.jpg,https://randomuser.me/api/portraits/thumb/women/22.jpg
